cluster_id,ticker,horizon,n,mean,std,hit_rate
-1,CL=F,1,127,-0.005308632244621452,0.050155372373186506,0.5275590551181102
-1,CL=F,5,126,-0.021887723999245906,0.1096178970020526,0.4523809523809524
-1,CL=F,20,120,-0.09116100459965475,0.24079952675071903,0.38333333333333336
-1,CL=F,60,113,0.04614513444623528,0.22824210327113867,0.5221238938053098
-1,GC=F,1,127,0.00020645342144064413,0.015520368778367221,0.5039370078740157
-1,GC=F,5,126,0.00444422500793232,0.0414398724353412,0.6587301587301587
-1,GC=F,20,121,0.03506240545959971,0.05614748559194331,0.71900826446281
-1,GC=F,60,113,0.09226626250108223,0.07315446649323229,0.8938053097345132
-1,GLD,1,126,0.0006460970177883411,0.014360708462556217,0.5079365079365079
-1,GLD,5,126,0.004242179916577772,0.04031317660775204,0.6587301587301587
-1,GLD,20,120,0.03469349702235452,0.05659236647275919,0.6916666666666667
-1,GLD,60,113,0.09253315068159748,0.07349580774266319,0.8938053097345132
-1,HG=F,1,127,-0.0007784338771976872,0.01594005774479995,0.4645669291338583
-1,HG=F,5,126,0.000835740723456288,0.039615811809904596,0.5793650793650794
-1,HG=F,20,121,0.008295526205127012,0.08092090997166475,0.6611570247933884
-1,HG=F,60,113,0.05589078791139776,0.09604958442554022,0.6460176991150443
-1,PA=F,1,127,0.0016094255523434438,0.04531794228064964,0.5275590551181102
-1,PA=F,5,126,-0.0012615329431598316,0.1255932203216221,0.48412698412698413
-1,PA=F,20,120,0.0325949597007266,0.14221469646857812,0.6
-1,PA=F,60,113,0.07120325514831971,0.1853670818455259,0.6283185840707964
-1,PALL,1,126,0.0013159396508121693,0.04136202090806936,0.5317460317460317
-1,PALL,5,126,-0.0007703028681092032,0.11617666553147067,0.49206349206349204
-1,PALL,20,120,0.0293146562851735,0.13048564755142475,0.6
-1,PALL,60,113,0.06259080722070212,0.18308841251260924,0.6283185840707964
-1,PL=F,1,127,-0.0008435494026875145,0.03212056685175588,0.4566929133858268
-1,PL=F,5,126,0.0018426273317906255,0.08410881333865762,0.5793650793650794
-1,PL=F,20,121,0.035763114197564276,0.14120875993216778,0.5785123966942148
-1,PL=F,60,113,0.12766929932134818,0.15585571968291662,0.7433628318584071
-1,PPLT,1,126,5.911790886785053e-06,0.03142525485963761,0.5
-1,PPLT,5,126,0.00311296762637642,0.08227375296156256,0.5873015873015873
-1,PPLT,20,120,0.033792158111082805,0.13666730560945087,0.575
-1,PPLT,60,113,0.12058330285402025,0.15661927095309247,0.7256637168141593
-1,SI=F,1,127,-0.0004746021084246846,0.03060965392989848,0.47244094488188976
-1,SI=F,5,126,0.0071920195028067095,0.08792833648182838,0.6111111111111112
-1,SI=F,20,121,0.043412633836692645,0.1317563536223397,0.6363636363636364
-1,SI=F,60,113,0.1697398322461242,0.18350975034318412,0.8141592920353983
-1,SLV,1,126,0.0009007983617601684,0.029127771761764225,0.5079365079365079
-1,SLV,5,126,0.007457294822075294,0.08617877230639522,0.6666666666666666
-1,SLV,20,120,0.04248953872590714,0.135025306474274,0.6083333333333333
-1,SLV,60,113,0.16770759975261804,0.184070331036369,0.8053097345132744
-1,^GSPC,1,126,0.00031101058254706394,0.025444523618980426,0.5793650793650794
-1,^GSPC,5,126,0.0002771610844298848,0.04544399985458926,0.6666666666666666
-1,^GSPC,20,120,0.00790023556387657,0.08395290760631328,0.725
-1,^GSPC,60,113,0.05050445981500757,0.084119605590639,0.7787610619469026
-1,^VIX,1,126,-0.0081196892023996,0.10615749120373598,0.42063492063492064
-1,^VIX,5,126,-0.023661824584919677,0.20008028536541123,0.4444444444444444
-1,^VIX,20,120,-0.025462836265837605,0.3256786390909107,0.48333333333333334
-1,^VIX,60,113,-0.1007546831772376,0.38626881654147777,0.39823008849557523
0,CL=F,1,208,-0.0015126206875133291,0.027593226875590352,0.4230769230769231
0,CL=F,5,208,-0.008384735324294745,0.05813773643731307,0.42788461538461536
0,CL=F,20,208,-0.03122024238347632,0.11400638617528831,0.39903846153846156
0,CL=F,60,208,-0.13347742433353904,0.20015047651706203,0.2692307692307692
0,GC=F,1,208,-0.0006116332883310901,0.008746459882828093,0.4230769230769231
0,GC=F,5,208,-0.002842227489518563,0.019641583653719846,0.41346153846153844
0,GC=F,20,208,-0.008883387211725158,0.03705615119631015,0.39903846153846156
0,GC=F,60,208,-0.010605176092134148,0.06879752321883946,0.3076923076923077
0,GLD,1,208,-0.0006385434934118925,0.00823864236978167,0.4326923076923077
0,GLD,5,208,-0.0029953394756578877,0.018763926252607716,0.4182692307692308
0,GLD,20,208,-0.009342938858277191,0.0361446762141996,0.39903846153846156
0,GLD,60,208,-0.011749937414081441,0.06816779570892205,0.30288461538461536
0,HG=F,1,208,-0.0012164394203380317,0.014109916232875438,0.4182692307692308
0,HG=F,5,208,-0.005981825596673452,0.02853639664707794,0.3701923076923077
0,HG=F,20,208,-0.024577827497292613,0.05745079500853618,0.375
0,HG=F,60,208,-0.08136735717557629,0.08433834224668889,0.1875
0,PA=F,1,208,-0.0015858149878996996,0.019111546561468032,0.44711538461538464
0,PA=F,5,208,-0.008239782321115365,0.040113309818508094,0.4375
0,PA=F,20,208,-0.03900352871961751,0.0964557195234769,0.34615384615384615
0,PA=F,60,208,-0.11728383929658025,0.1295983910641886,0.16346153846153846
0,PALL,1,208,-0.001616141435172247,0.019716925397540316,0.4519230769230769
0,PALL,5,208,-0.008430986318804663,0.0398840664114571,0.4519230769230769
0,PALL,20,208,-0.03974579079380417,0.09545684642687316,0.34134615384615385
0,PALL,60,208,-0.11942322821117195,0.12843598284356558,0.1778846153846154
0,PL=F,1,208,-0.0015283708597207445,0.012539044795941435,0.4230769230769231
0,PL=F,5,208,-0.007322318351002965,0.030224391640619595,0.40384615384615385
0,PL=F,20,208,-0.026966133294906654,0.0601858810644285,0.33653846153846156
0,PL=F,60,208,-0.07133884075370742,0.0872354570137643,0.20673076923076922
0,PPLT,1,208,-0.0015322447394336242,0.012041832622525624,0.4230769230769231
0,PPLT,5,208,-0.0074527614728706875,0.029484337881935354,0.39903846153846156
0,PPLT,20,208,-0.027505052159192616,0.05995931683284093,0.3269230769230769
0,PPLT,60,208,-0.07280854301251886,0.08735427807098417,0.20192307692307693
0,SI=F,1,208,-0.0008423087713713866,0.015440284049466266,0.4567307692307692
0,SI=F,5,208,-0.0036485408427235377,0.0336698137349894,0.39903846153846156
0,SI=F,20,208,-0.012703096094054676,0.05695134080144618,0.40865384615384615
0,SI=F,60,208,-0.032202452953025255,0.07509835414072795,0.3269230769230769
0,SLV,1,208,-0.0008667568683547605,0.013161085655848361,0.4519230769230769
0,SLV,5,208,-0.0038444570747614127,0.031003240590923773,0.3701923076923077
0,SLV,20,208,-0.013469441676056395,0.05405430580160427,0.3942307692307692
0,SLV,60,208,-0.03406567649120172,0.07235655614307222,0.3269230769230769
0,^GSPC,1,208,-0.00012549182787803857,0.009747354060488765,0.47596153846153844
0,^GSPC,5,208,-0.0008402168981110006,0.02049852675376315,0.5336538461538461
0,^GSPC,20,208,-0.003706635905151826,0.03296858247440816,0.46634615384615385
0,^GSPC,60,208,-0.02028282128646179,0.05013559648679072,0.36538461538461536
0,^VIX,1,208,0.0015141330064386048,0.08730530800325782,0.4807692307692308
0,^VIX,5,208,0.007282069714657677,0.19324290189106408,0.47115384615384615
0,^VIX,20,208,0.027931533500979433,0.2925649769908402,0.5240384615384616
0,^VIX,60,208,0.11487600647666696,0.326000872752039,0.6346153846153846
1,CL=F,1,679,3.690772034600984e-05,0.024466426343836275,0.5213549337260678
1,CL=F,5,678,-0.0023118865638470276,0.05311634879116591,0.4941002949852507
1,CL=F,20,673,-0.011940323676069795,0.08110090915742998,0.4323922734026746
1,CL=F,60,673,-0.04032847887590434,0.12241579838278749,0.29569093610698366
1,GC=F,1,679,0.0005637251358272124,0.009402903207742576,0.5375552282768777
1,GC=F,5,678,0.0023768750482621994,0.020409842414077277,0.5368731563421829
1,GC=F,20,673,0.011330974247669021,0.04105097294152859,0.6017830609212481
1,GC=F,60,673,0.032601978224161304,0.07064689094660559,0.6775631500742942
1,GLD,1,678,0.0005045727279465175,0.009372876945105387,0.528023598820059
1,GLD,5,676,0.002293137933348557,0.020474083100607735,0.5192307692307693
1,GLD,20,671,0.011030174241803354,0.04141273627075868,0.5961251862891207
1,GLD,60,671,0.03162163824352932,0.07114142146659723,0.6721311475409836
1,HG=F,1,680,-3.3504719116283404e-05,0.015425842529617961,0.5058823529411764
1,HG=F,5,679,-0.0011914970359061397,0.036804738645791535,0.4948453608247423
1,HG=F,20,674,-0.0011031691956902455,0.06875924034170953,0.5237388724035609
1,HG=F,60,674,-0.004712779726491931,0.11367398248611474,0.4910979228486647
1,PA=F,1,679,-0.0015862370378182963,0.02830879664610052,0.4683357879234168
1,PA=F,5,678,-0.007183193284470747,0.061058574308231806,0.42920353982300885
1,PA=F,20,673,-0.025381920022986292,0.09107182611457448,0.35661218424962854
1,PA=F,60,673,-0.07778503714859465,0.12527856480571375,0.27340267459138184
1,PALL,1,678,-0.001567704908278509,0.026251973886585615,0.45722713864306785
1,PALL,5,676,-0.007192797236633088,0.057895262393101256,0.42011834319526625
1,PALL,20,671,-0.02646909271415461,0.0860713373411484,0.35767511177347244
1,PALL,60,671,-0.0789182202273372,0.12111521611880009,0.2608047690014903
1,PL=F,1,679,0.00024378566962629563,0.01846817160821398,0.5125184094256259
1,PL=F,5,678,-6.685982338909378e-05,0.041481027519212586,0.5014749262536873
1,PL=F,20,673,0.0011019480374376734,0.06887323799332543,0.5334323922734027
1,PL=F,60,673,0.0011272782422130758,0.09297938252077882,0.4903417533432392
1,PPLT,1,678,0.0001183713611769413,0.01715702810373012,0.4837758112094395
1,PPLT,5,676,-0.00029789076341574466,0.03820821390778207,0.5059171597633136
1,PPLT,20,671,0.0002447191939754513,0.06551431433810515,0.5290611028315947
1,PPLT,60,671,-0.0008373651443012138,0.08702063231568694,0.46646795827123694
1,SI=F,1,679,0.0007250653474630438,0.01966608613514353,0.5184094256259205
1,SI=F,5,678,0.002193686480140446,0.043691711418676976,0.5103244837758112
1,SI=F,20,673,0.010828153234398726,0.08189206019299766,0.5601783060921248
1,SI=F,60,673,0.023314247330223914,0.1222190547278525,0.5512630014858841
1,SLV,1,678,0.0005510938160948955,0.018813680286882482,0.5029498525073747
1,SLV,5,676,0.002040014605579467,0.042409496375345315,0.5044378698224852
1,SLV,20,671,0.010594912737452158,0.08121536470535723,0.563338301043219
1,SLV,60,671,0.022151359559376707,0.12075397174882639,0.5484351713859911
1,^GSPC,1,678,0.00035608202828784957,0.010938263498200236,0.5132743362831859
1,^GSPC,5,676,0.0012271402780899957,0.023796537370107854,0.5502958579881657
1,^GSPC,20,671,0.006982329216183646,0.04456607678959883,0.6304023845007451
1,^GSPC,60,671,0.020355932165636283,0.0665682438975209,0.7093889716840537
1,^VIX,1,678,0.00022543140839690262,0.06613366995306279,0.4410029498525074
1,^VIX,5,676,0.0030680080022739793,0.1352594367113034,0.45857988165680474
1,^VIX,20,671,-0.015096834612787923,0.21223783226167203,0.45305514157973176
1,^VIX,60,671,-0.02454310123218566,0.26939696479504943,0.4083457526080477
2,CL=F,1,533,0.001123374903104099,0.023431135790752892,0.5534709193245778
2,CL=F,5,534,0.006300431367522969,0.050992079850399975,0.5617977528089888
2,CL=F,20,530,0.018946704137820982,0.09507865787617527,0.6150943396226415
2,CL=F,60,527,0.06393376690303584,0.18038534709928875,0.6489563567362429
2,GC=F,1,532,0.0004598206882622364,0.008925744359331994,0.5281954887218046
2,GC=F,5,533,0.002938587128487669,0.019711165127007723,0.549718574108818
2,GC=F,20,529,0.012781424802866499,0.03924774609908991,0.6162570888468809
2,GC=F,60,526,0.024941264434687103,0.06600412083911042,0.7034220532319392
2,GLD,1,533,0.00033730554179877786,0.008904339433037398,0.5403377110694184
2,GLD,5,534,0.0028290301016992018,0.01941624233236988,0.5543071161048689
2,GLD,20,530,0.012491438572849298,0.03915037501815923,0.6037735849056604
2,GLD,60,528,0.02354690896920686,0.06627331797296937,0.7007575757575758
2,HG=F,1,532,0.0006450346184002094,0.012268008951469869,0.5338345864661654
2,HG=F,5,533,0.0026047050108311143,0.02673534753632124,0.5403377110694184
2,HG=F,20,529,0.00860162251362773,0.052907521894684846,0.5746691871455577
2,HG=F,60,526,0.03380461207132465,0.081588290397615,0.655893536121673
2,PA=F,1,528,0.0012946637693686351,0.01717013522466668,0.5378787878787878
2,PA=F,5,530,0.006424749945162484,0.04130112236977659,0.5735849056603773
2,PA=F,20,526,0.023229450178665092,0.07825140082439395,0.6482889733840305
2,PA=F,60,523,0.06985498227766421,0.0956444128517132,0.7820267686424475
2,PALL,1,533,0.00110082974566742,0.01655125224836649,0.5478424015009381
2,PALL,5,534,0.006360787497089315,0.04100953201654295,0.5655430711610487
2,PALL,20,530,0.022865309581503162,0.0775052012292083,0.6339622641509434
2,PALL,60,528,0.06896744830778262,0.09437362568441263,0.7803030303030303
2,PL=F,1,530,0.0004262681736554287,0.014964602196581201,0.5283018867924528
2,PL=F,5,531,0.002938715230931535,0.034625500286025034,0.519774011299435
2,PL=F,20,527,0.007634444487229306,0.0663433565016627,0.5313092979127134
2,PL=F,60,524,0.006506052759971176,0.09753026622803951,0.5706106870229007
2,PPLT,1,533,0.00024928642423713103,0.013661361294416138,0.5159474671669794
2,PPLT,5,534,0.00272464345966458,0.034365611087391806,0.5074906367041199
2,PPLT,20,530,0.0073440367548748674,0.06485188604685317,0.5283018867924528
2,PPLT,60,528,0.005125578035319348,0.0962028699355715,0.5606060606060606
2,SI=F,1,532,0.0007080571115527688,0.01535173295409846,0.518796992481203
2,SI=F,5,533,0.0031732766744756837,0.036233045273462175,0.5422138836772983
2,SI=F,20,529,0.012567182895511383,0.07188627664885536,0.5406427221172023
2,SI=F,60,526,0.021763284759267726,0.1162143961846485,0.5551330798479087
2,SLV,1,533,0.00044315629668746143,0.01477170278554374,0.5196998123827392
2,SLV,5,534,0.002923505974340783,0.03540251084343397,0.550561797752809
2,SLV,20,530,0.012189844943322106,0.07118019866249843,0.5452830188679245
2,SLV,60,528,0.019853844275466905,0.11622872193743096,0.5473484848484849
2,^GSPC,1,533,0.000554594949033684,0.006756121021147749,0.549718574108818
2,^GSPC,5,534,0.0030227051849425453,0.013598140032546708,0.6404494382022472
2,^GSPC,20,530,0.010450842986536328,0.027315439351161225,0.7169811320754716
2,^GSPC,60,528,0.030636617600842575,0.043364917074827175,0.8522727272727273
2,^VIX,1,533,-0.0010132660409483438,0.07308034773599335,0.46716697936210133
2,^VIX,5,534,-0.0020556137150441137,0.13798842946843667,0.46254681647940077
2,^VIX,20,530,0.014137818325466785,0.23831040261762762,0.5113207547169811
2,^VIX,60,528,0.030107527639096986,0.34381052028014364,0.42424242424242425
3,CL=F,1,464,0.0017034703346090264,0.02760676881472846,0.5754310344827587
3,CL=F,5,462,0.011918924701865645,0.052796113559181235,0.6428571428571429
3,CL=F,20,461,0.058616108327836966,0.10693742650045576,0.720173535791757
3,CL=F,60,431,0.1591348402013435,0.14334923835556654,0.8584686774941995
3,GC=F,1,464,0.00045095528371535005,0.011755010970023341,0.5517241379310345
3,GC=F,5,462,0.0014045286517404992,0.023262650641673845,0.564935064935065
3,GC=F,20,461,0.0008740978281729368,0.04266744660716667,0.5249457700650759
3,GC=F,60,431,0.006375651467712129,0.06406977304555839,0.4779582366589327
3,GLD,1,464,0.00044976352786995803,0.011372153757415038,0.5258620689655172
3,GLD,5,462,0.0013340860196731335,0.023172384549802527,0.5735930735930735
3,GLD,20,461,0.0004572878741627251,0.04294569016877909,0.5140997830802603
3,GLD,60,431,0.005315560208533495,0.06478724911306667,0.48491879350348027
3,HG=F,1,464,0.00129766749511139,0.01584238266913592,0.521551724137931
3,HG=F,5,462,0.005976912701079968,0.03126551801231623,0.5735930735930735
3,HG=F,20,461,0.023059920462642627,0.05406381191686462,0.6616052060737527
3,HG=F,60,431,0.06392397458738751,0.08414080398485442,0.7703016241299304
3,PA=F,1,464,0.0006920919727706993,0.02414684321742202,0.5344827586206896
3,PA=F,5,462,0.0027049826454123116,0.056360986369157394,0.538961038961039
3,PA=F,20,461,0.004149459208231271,0.10195641965988805,0.5401301518438177
3,PA=F,60,431,0.007178082857651345,0.18213444548071014,0.5545243619489559
3,PALL,1,464,0.0006601812982774268,0.023086452959982576,0.5043103448275862
3,PALL,5,462,0.0024451192366154524,0.05413005560523594,0.551948051948052
3,PALL,20,461,0.004409305774581359,0.1014944881650096,0.5488069414316703
3,PALL,60,431,0.0071896013087640225,0.18257781202307616,0.5452436194895591
3,PL=F,1,464,0.001085883201049679,0.02156182667018071,0.5301724137931034
3,PL=F,5,462,0.0037446809078913973,0.045848227420668373,0.5108225108225108
3,PL=F,20,461,0.010358848113732028,0.08068830952740773,0.5661605206073753
3,PL=F,60,431,0.03268798047833938,0.14677974801104168,0.5220417633410673
3,PPLT,1,464,0.000985402387893235,0.020665139445598644,0.5237068965517241
3,PPLT,5,462,0.0035367046065662416,0.04349969651734597,0.512987012987013
3,PPLT,20,461,0.009458154920012427,0.07956039943024049,0.5488069414316703
3,PPLT,60,431,0.031412133771930334,0.145393893243999,0.5104408352668214
3,SI=F,1,464,0.0005672330699261342,0.024912855846258436,0.5452586206896551
3,SI=F,5,462,0.002374467978408679,0.04789589422217449,0.5606060606060606
3,SI=F,20,461,0.004099900569367093,0.08287132657187385,0.5119305856832972
3,SI=F,60,431,0.019192191767198392,0.1504635032293744,0.5359628770301624
3,SLV,1,464,0.00032102460569173645,0.02378088526261494,0.521551724137931
3,SLV,5,462,0.0020657531520765072,0.04675738693843979,0.564935064935065
3,SLV,20,461,0.0033259899516708646,0.08318195213704091,0.5010845986984815
3,SLV,60,431,0.017611144918999868,0.15166319906239437,0.5220417633410673
3,^GSPC,1,464,0.0005206450746205852,0.00954028334565996,0.5517241379310345
3,^GSPC,5,462,0.003046286898568344,0.020563981422758445,0.5930735930735931
3,^GSPC,20,461,0.012951222950446841,0.03639969872757034,0.6919739696312365
3,^GSPC,60,431,0.037672639053269515,0.05620127679798317,0.7935034802784223
3,^VIX,1,464,0.002113453594462641,0.08309425063318003,0.45689655172413796
3,^VIX,5,462,0.005936529889585368,0.15703350718908182,0.48917748917748916
3,^VIX,20,461,0.0055701261535822935,0.229629731179494,0.5054229934924078
3,^VIX,60,431,-0.009210219000451575,0.2422924760878194,0.41531322505800466
4,CL=F,1,115,0.010719265415783824,0.06764923813162739,0.5478260869565217
4,CL=F,5,115,0.03149970729808474,0.1515996186549101,0.6434782608695652
4,CL=F,20,116,0.12648957519695103,0.2692199693300068,0.8017241379310345
4,CL=F,60,116,0.2557455880466269,0.34105969335745107,0.6551724137931034
4,GC=F,1,117,0.0005965466235892503,0.01890201151068337,0.5897435897435898
4,GC=F,5,117,0.005563921964952637,0.03371780032144734,0.6239316239316239
4,GC=F,20,117,0.029311210660916867,0.04276100063373524,0.7264957264957265
4,GC=F,60,117,0.05921817145577284,0.07119112002387927,0.7948717948717948
4,GLD,1,117,0.000629332152822449,0.018070474815888145,0.6153846153846154
4,GLD,5,117,0.005824565653571559,0.03487871828226833,0.6239316239316239
4,GLD,20,117,0.029843409806766103,0.044736877358421405,0.7008547008547008
4,GLD,60,117,0.05847509818704135,0.07363669888648072,0.7777777777777778
4,HG=F,1,117,0.0030378215112135485,0.017118102249144795,0.6324786324786325
4,HG=F,5,117,0.011298572605159032,0.026422499661890992,0.6495726495726496
4,HG=F,20,117,0.044782933575365585,0.04833455540417664,0.8632478632478633
4,HG=F,60,117,0.12801297234408812,0.08083190159234487,0.9487179487179487
4,PA=F,1,117,-0.0036574368278641093,0.04253674502476278,0.49572649572649574
4,PA=F,5,117,-0.00944245089936824,0.06970940353269103,0.41025641025641024
4,PA=F,20,117,0.0028593340550808564,0.1004672081355696,0.5384615384615384
4,PA=F,60,117,0.06245807941113425,0.15320773410775773,0.7350427350427351
4,PALL,1,117,-0.003766107284515868,0.03721019359272512,0.4700854700854701
4,PALL,5,117,-0.010906370481804172,0.06254793915297333,0.41025641025641024
4,PALL,20,117,-0.0006933951586801381,0.09320460223719111,0.5299145299145299
4,PALL,60,117,0.054118858644886796,0.14817627716890133,0.7521367521367521
4,PL=F,1,117,-0.001443686963785017,0.04040294073399138,0.5726495726495726
4,PL=F,5,117,-0.0013502647676109092,0.07184061457446939,0.46153846153846156
4,PL=F,20,117,0.02952491950919699,0.09590821026521466,0.6239316239316239
4,PL=F,60,117,0.05241548815341058,0.14301955399701533,0.7350427350427351
4,PPLT,1,117,-0.0014596084608800531,0.03226980065135595,0.5384615384615384
4,PPLT,5,117,-0.001682688609038371,0.06340855558860749,0.5042735042735043
4,PPLT,20,117,0.028718266624385137,0.08592744517244229,0.6752136752136753
4,PPLT,60,117,0.05904655307184471,0.14195756681815647,0.7521367521367521
4,SI=F,1,117,0.0029079349039805003,0.05002842218015068,0.5641025641025641
4,SI=F,5,117,0.01551178940351046,0.09448340329261597,0.6153846153846154
4,SI=F,20,117,0.09954018194354311,0.14304846872276653,0.7692307692307693
4,SI=F,60,117,0.22948880595819185,0.23673870179372075,0.8290598290598291
4,SLV,1,117,0.003669389331968509,0.04464910753536286,0.5726495726495726
4,SLV,5,117,0.015794355157373093,0.09365385673030538,0.6324786324786325
4,SLV,20,117,0.09845189100575392,0.14440482218882483,0.7863247863247863
4,SLV,60,117,0.2290470788767461,0.24117348693688354,0.811965811965812
4,^GSPC,1,117,0.002213563815311771,0.017136449539394492,0.5982905982905983
4,^GSPC,5,117,0.011350766432583393,0.028616150542238355,0.6837606837606838
4,^GSPC,20,117,0.0408658866743694,0.0380870751971319,0.8034188034188035
4,^GSPC,60,117,0.08786682663387313,0.0572749575857821,0.9230769230769231
4,^VIX,1,117,-0.00646909317154668,0.07711403971551337,0.39316239316239315
4,^VIX,5,117,-0.02750853302261564,0.13944136782985508,0.39316239316239315
4,^VIX,20,117,-0.08229417206223733,0.2242453544157581,0.38461538461538464
4,^VIX,60,117,-0.11763797684387188,0.2814447900489104,0.3076923076923077
5,CL=F,1,74,-0.002937282353119591,0.02550162702216071,0.5
5,CL=F,5,74,-0.007897311695208497,0.052410837032478653,0.43243243243243246
5,CL=F,20,74,0.004268194057237491,0.06965282224336894,0.43243243243243246
5,CL=F,60,74,-1.543108509459622e-05,0.0921877309164704,0.5135135135135135
5,GC=F,1,74,0.0021478183211743134,0.008709165663923152,0.6486486486486487
5,GC=F,5,74,0.011718184190916954,0.019492515118106797,0.7972972972972973
5,GC=F,20,74,0.041177926540633035,0.03303191294077133,0.8648648648648649
5,GC=F,60,74,0.07568719000454104,0.0669194435402494,0.8513513513513513
5,GLD,1,74,0.002569477568794746,0.009165929251048347,0.5945945945945946
5,GLD,5,74,0.011797346246702358,0.019556230031536125,0.7837837837837838
5,GLD,20,74,0.04059069756564311,0.03377682325061359,0.8243243243243243
5,GLD,60,74,0.0744677067934512,0.06705128511094778,0.8513513513513513
5,HG=F,1,74,-0.0018899213953580331,0.013910870194908035,0.40540540540540543
5,HG=F,5,74,-0.001631570287467215,0.01977058283475911,0.47297297297297297
5,HG=F,20,74,-0.0013865384225687325,0.03619270998910899,0.5405405405405406
5,HG=F,60,74,-0.007819729772473503,0.052739238232781316,0.32432432432432434
5,PA=F,1,74,0.0019354373306909964,0.016718735309333134,0.6081081081081081
5,PA=F,5,74,0.008236854842583194,0.03819236102775309,0.5945945945945946
5,PA=F,20,74,0.041580430827107745,0.0793893853829536,0.6756756756756757
5,PA=F,60,74,0.11057859325117084,0.058816468491657614,0.9864864864864865
5,PALL,1,74,0.0026120641937977477,0.01499906279158548,0.6081081081081081
5,PALL,5,74,0.008951671579006386,0.03537849296936893,0.6081081081081081
5,PALL,20,74,0.04194856823803368,0.08123208361237312,0.6621621621621622
5,PALL,60,74,0.11544817559774323,0.059131968224964394,0.9864864864864865
5,PL=F,1,74,0.0011914612017687057,0.012018070673690665,0.5675675675675675
5,PL=F,5,74,0.008337518806244898,0.028253178274876806,0.6216216216216216
5,PL=F,20,74,0.04399221777855136,0.05392443078861828,0.8513513513513513
5,PL=F,60,74,0.10046742574749942,0.07917301651096732,0.9594594594594594
5,PPLT,1,74,0.002005525883005735,0.012111891783419182,0.527027027027027
5,PPLT,5,74,0.008594859801247374,0.02624271133254457,0.6216216216216216
5,PPLT,20,74,0.04330335306823842,0.056613473890917476,0.8513513513513513
5,PPLT,60,74,0.09825135932776764,0.07872269372610825,0.9594594594594594
5,SI=F,1,74,0.0036045719384663237,0.012774115548736925,0.6621621621621622
5,SI=F,5,74,0.01570670110723958,0.027172638346234578,0.5945945945945946
5,SI=F,20,74,0.06157164466285349,0.04884452567830702,0.9324324324324325
5,SI=F,60,74,0.12931804336644492,0.09930511227517903,0.8783783783783784
5,SLV,1,74,0.004490712412231378,0.012108494360764178,0.6081081081081081
5,SLV,5,74,0.016039883945992768,0.02813714668783814,0.6081081081081081
5,SLV,20,74,0.06079394497886756,0.04957577037475677,0.918918918918919
5,SLV,60,74,0.12798842330824584,0.09833080330356292,0.8783783783783784
5,^GSPC,1,74,0.0003182097023800777,0.009251120670050846,0.5675675675675675
5,^GSPC,5,74,0.001734105543509942,0.02064419669229331,0.581081081081081
5,^GSPC,20,74,0.012999313696529341,0.03389474297114428,0.6891891891891891
5,^GSPC,60,74,0.02304257516782257,0.0366684115517994,0.7162162162162162
5,^VIX,1,74,0.004633261723322823,0.08356720534916402,0.44594594594594594
5,^VIX,5,74,0.012050195497504716,0.1608157127024122,0.47297297297297297
5,^VIX,20,74,-0.016420689552810407,0.2403356799433064,0.2972972972972973
5,^VIX,60,74,-0.005903408051050814,0.2665914366943395,0.5135135135135135
6,CL=F,1,512,-0.00014541792642612517,0.020624171738305632,0.525390625
6,CL=F,5,512,-0.00265733411084828,0.04477848297810936,0.521484375
6,CL=F,20,512,-0.02738607446266897,0.12386267908240771,0.478515625
6,CL=F,60,511,-0.10936214148284512,0.29726146118450486,0.3953033268101761
6,GC=F,1,512,0.0008417505597152607,0.008119644699742253,0.52734375
6,GC=F,5,512,0.0033024830770293206,0.017659885078234617,0.5859375
6,GC=F,20,512,0.010078462427085462,0.033941060661333754,0.5546875
6,GC=F,60,512,0.03980016834745014,0.0712316199106756,0.697265625
6,GLD,1,512,0.000703371758599863,0.007712606248743734,0.544921875
6,GLD,5,512,0.0031363906006413173,0.01705751253512353,0.564453125
6,GLD,20,512,0.009706973177980985,0.033754164989879536,0.55078125
6,GLD,60,511,0.03844657902801024,0.07123716510743576,0.6908023483365949
6,HG=F,1,512,-0.00016409539722413223,0.018266825625951832,0.490234375
6,HG=F,5,512,-0.0007416254444163404,0.03829199535337382,0.525390625
6,HG=F,20,512,-0.004620239050302694,0.06250950069933114,0.494140625
6,HG=F,60,512,-0.014323156017063392,0.09365149198464433,0.4453125
6,PA=F,1,512,0.001865634565469924,0.01922545303476466,0.576171875
6,PA=F,5,512,0.00980661955782117,0.039309468715034816,0.630859375
6,PA=F,20,512,0.027331981501178246,0.09336952400591847,0.68359375
6,PA=F,60,511,0.0938373432471749,0.14305161600670543,0.726027397260274
6,PALL,1,512,0.0018540148924260438,0.01837758204947002,0.54296875
6,PALL,5,512,0.009614040410832938,0.03823900863119121,0.595703125
6,PALL,20,512,0.028414468065811053,0.09203296948037062,0.66796875
6,PALL,60,511,0.09311689604732495,0.1473268285308531,0.7181996086105675
6,PL=F,1,512,0.0001848141773562774,0.015009344800501631,0.51953125
6,PL=F,5,512,-0.00015193736480844516,0.031627074808755505,0.515625
6,PL=F,20,512,-0.006013608123461,0.07765500824631853,0.4453125
6,PL=F,60,512,0.004432520051261199,0.13771101974500907,0.46484375
6,PPLT,1,512,6.37691036533463e-05,0.013746659884973677,0.5234375
6,PPLT,5,512,-0.0003263465189508787,0.029337192815331148,0.498046875
6,PPLT,20,512,-0.0053454366900239445,0.07597372618063743,0.458984375
6,PPLT,60,511,0.0023451296159883155,0.13609768368190764,0.4774951076320939
6,SI=F,1,512,0.0002554683736598149,0.014145763800491946,0.521484375
6,SI=F,5,512,0.001425461587674661,0.03154568530381709,0.52734375
6,SI=F,20,512,-0.001915874650153109,0.06512588992907326,0.46484375
6,SI=F,60,512,0.007404809731118886,0.11654299820459482,0.513671875
6,SLV,1,512,7.116393578610221e-05,0.012919204286842345,0.51171875
6,SLV,5,512,0.001264330018034234,0.029351130158968706,0.5234375
6,SLV,20,512,-0.0018299957053251074,0.06401002220251971,0.458984375
6,SLV,60,511,0.006055963232141669,0.11714270630562815,0.5068493150684932
6,^GSPC,1,512,0.0001634627338880975,0.010794059744158717,0.55859375
6,^GSPC,5,512,0.0007230050967868586,0.023807407530208904,0.623046875
6,^GSPC,20,512,-0.00022646623770302722,0.05751550213549271,0.658203125
6,^GSPC,60,511,0.010517901081330864,0.08868810660698473,0.675146771037182
6,^VIX,1,512,0.0003516223253112452,0.0879259388311867,0.44140625
6,^VIX,5,512,0.002380759812806793,0.1871302925926022,0.42578125
6,^VIX,20,512,0.03661954823544632,0.34068721372835487,0.458984375
6,^VIX,60,511,0.08423604108497629,0.4919088960768958,0.4911937377690802
